{
  "experiment": "simple_gan",
  "model": "SimpleGAN",
  "fid": 64.6355,
  "dacid": 4.1346,
  "g_losses": [
    4.4379570663247785,
    2.9463824964195453,
    3.0332740866397834,
    3.1159315663256186,
    3.4040347929042114,
    3.7614811123443994,
    4.097950812308746,
    4.336161860205074,
    4.518334691531955,
    4.7502016341969275
  ],
  "d_losses": [
    0.5786703201317083,
    0.6353860077701986,
    0.5667580845690693,
    0.5254332479477702,
    0.4567982859182934,
    0.40068717319642844,
    0.34334562904327065,
    0.3051390283635949,
    0.297543007854447,
    0.2589712516035529
  ]
}