{
  "experiment": "exp3_strong_attr",
  "model": "AttGAN",
  "lambda_rec": 50.0,
  "lambda_cls_d": 10.0,
  "lambda_cls_g": 5.0,
  "fid": 74.3451,
  "dacid": 4.8322,
  "attr_acc": 99.7,
  "rec_l1": 0.0594,
  "g_losses": [
    8.546180709440597,
    5.464866469987396,
    4.859177092515808,
    4.504469040806163,
    4.459410886149494,
    4.355759891430505,
    4.260707119295928,
    4.189782608272614,
    4.117965854015868,
    4.058730664001972
  ],
  "d_losses": [
    2.224369786313515,
    1.6242057715890166,
    1.478538767833481,
    1.3898346332691807,
    1.3660252079033637,
    1.2683409683778442,
    1.2030203119066818,
    1.1644895844603915,
    1.091091625846562,
    1.013566955420102
  ]
}