{
  "experiment": "exp1_baseline",
  "model": "AttGAN",
  "lambda_rec": 100.0,
  "lambda_cls_d": 10.0,
  "lambda_cls_g": 1.0,
  "fid": 61.9179,
  "dacid": 4.0426,
  "attr_acc": 96.98,
  "rec_l1": 0.0515,
  "g_losses": [
    14.10141735418172,
    9.293595875711175,
    8.111935492439436,
    7.447512976916062,
    7.0099240769751185,
    6.73235707108636,
    6.562714057038067,
    6.452785248086999,
    6.351253854164306,
    6.264770212578483
  ],
  "d_losses": [
    2.183543839161198,
    1.766719759577051,
    1.527044616624965,
    1.4019571951159426,
    1.291816616909175,
    1.2204068652696605,
    1.1642504352380383,
    1.0965022616062021,
    1.0165221731094596,
    0.9354928642968423
  ]
}