{
  "experiment": "exp2_high_rec",
  "model": "AttGAN",
  "lambda_rec": 200.0,
  "lambda_cls_d": 10.0,
  "lambda_cls_g": 1.0,
  "fid": 56.5687,
  "dacid": 3.4344,
  "attr_acc": 95.78,
  "rec_l1": 0.0483,
  "g_losses": [
    24.38745366706653,
    16.143649237951895,
    14.48555922723876,
    13.635473052957515,
    12.903264020401522,
    12.33322314338519,
    11.91269317800212,
    11.571649059928687,
    11.234173770406516,
    10.993070990937083
  ],
  "d_losses": [
    2.0918550946395604,
    1.6276939169679905,
    1.5209094563479317,
    1.473699931209124,
    1.352022541633423,
    1.2430709431689881,
    1.1656119920609271,
    1.0825003514749723,
    1.0000658448034039,
    0.9233615022801621
  ]
}